center_id,center_name,owner_name,center_type,phone,alt_phone,email,whatsapp,address,city,state,pincode,map_url,registration_number,gst_number,services,home_sample,operational_hours,account_holder_name,bank_name,account_number,ifsc_code,upi_id,profile_image_url,password
dc0001,Nunez PLC Diagnostics,Donna Ochoa,Multi-specialty,5339881984,0080566677,dc0001@example.com,6770219949,6144 Fisher Club Suite 015,Robinbury,Louisiana,32109,https://maps.google.com/?q=Gonzalezbury,526174,845189,"CT Scan, Mammography",No,9:00 - 22:00,Brian Sampson,Green-Castro,590037323,IFSC0001234,claytonscott@upi,/uploads/profiles/center1.jpg,469263
dc0002,Murray Ltd Diagnostics,Aaron Turner,Imaging,8215508150,6633379352,dc0002@example.com,6248161261,02829 Dixon Ridge Apt. 889,Laurenshire,Oregon,64694,https://maps.google.com/?q=North Todd,505600,909239,"Blood Test, X-Ray, MRI",No,10:00 - 22:00,Christy Sanders,"Copeland, May and Roy",1725932647,IFSC0001234,nicolerussell@upi,/uploads/profiles/center2.jpg,692592
dc0003,"Ortiz, Lane and Gonzales Diagnostics",Frederick King,Multi-specialty,0445931076,1633483903,dc0003@example.com,1730043861,0537 Clark Tunnel Suite 309,South Justinchester,Washington,03360,https://maps.google.com/?q=North Jeanette,830043,262484,"CT Scan, Mammography",No,9:00 - 17:00,Belinda Franklin,Miller and Sons,8514985191,IFSC0001234,riveradennis@upi,/uploads/profiles/center3.jpg,793376
dc0004,Ward LLC Diagnostics,Timothy Hughes,Imaging,1239329722,1069106936,dc0004@example.com,3174134611,1941 Smith Forge Apt. 054,Petersonborough,New Jersey,33489,https://maps.google.com/?q=South Crystal,567759,218698,"ECG, Ultrasound",Yes,9:00 - 17:00,Alexa Jennings,Lara-Garcia,2736783956,IFSC0001234,woodamy@upi,/uploads/profiles/center4.jpg,483884
dc0005,Pollard-Faulkner Diagnostics,Lindsey Harris,Pathology,7693045847,6437822750,dc0005@example.com,0306987301,21472 David Bypass Apt. 057,Port Leslie,West Virginia,34173,https://maps.google.com/?q=East Nicholasstad,691560,623937,"CT Scan, Mammography",Yes,7:00 - 22:00,Denise Leonard,Kim and Sons,9380366061,IFSC0001234,williamvargas@upi,/uploads/profiles/center5.jpg,526656
dc0006,Jennings Group Diagnostics,John Armstrong,Pathology,1013629285,6196831760,dc0006@example.com,2006440646,483 Pruitt Passage,Ianfurt,Oklahoma,89936,https://maps.google.com/?q=Natalieberg,96741,107626,"CT Scan, Mammography",Yes,9:00 - 20:00,Melanie Murphy,Rodriguez-Wagner,8462219238,IFSC0001234,twright@upi,/uploads/profiles/center6.jpg,671981
dc0007,"Kidd, Wright and Leblanc Diagnostics",Ashlee Phelps,Radiology,5073568678,9025155821,dc0007@example.com,3479425380,292 Good Village,West Janettown,New Jersey,86218,https://maps.google.com/?q=West Andrewmouth,472897,72694,"Blood Test, X-Ray, MRI",Yes,7:00 - 18:00,Steve Rose,"Munoz, Hanson and Smith",1626650677,IFSC0001234,justin70@upi,/uploads/profiles/center7.jpg,433205
dc0008,Baker-Turner Diagnostics,Sally Brown,Radiology,3613950337,2854680203,dc0008@example.com,1259727030,739 Christopher Ville,Jenniferville,New York,70095,https://maps.google.com/?q=East Yvonneview,410042,901396,"CT Scan, Mammography",Yes,8:00 - 17:00,Jeffrey Moore,"Burke, Jimenez and Davis",3241013651,IFSC0001234,vlawrence@upi,/uploads/profiles/center8.jpg,110585
dc0009,"Decker, Gardner and Walker Diagnostics",Jonathon Miller,Imaging,1987958109,6421770964,dc0009@example.com,0380061401,7218 Catherine Crossing Suite 823,Liuhaven,Missouri,47548,https://maps.google.com/?q=Crawfordberg,478239,192609,"CT Scan, Mammography",Yes,9:00 - 19:00,Kelly Olson DVM,"Martinez, Malone and Johnson",2403489366,IFSC0001234,danielobrien@upi,/uploads/profiles/center9.jpg,779841
dc0010,Patterson Ltd Diagnostics,Kelly Turner,Imaging,1390199657,2971453574,dc0010@example.com,6425531999,305 Hayes Grove Apt. 415,Johnnyhaven,Texas,39042,https://maps.google.com/?q=Stephaniehaven,595951,278309,"Blood Test, X-Ray, MRI",No,10:00 - 20:00,Michael Johns,"Jennings, Chung and Ballard",2114276643,IFSC0001234,vsmith@upi,/uploads/profiles/center10.jpg,481228
dc0011,Edwards-Murphy Diagnostics,Alex Garcia,Radiology,9511450240,1372074764,dc0011@example.com,6296105860,856 Glenn Way Suite 688,Lake Lawrence,Maryland,10120,https://maps.google.com/?q=Hendersonmouth,844749,709776,"Blood Test, X-Ray, MRI",No,9:00 - 19:00,Marc Lucas,Harmon Group,3817992288,IFSC0001234,rebeccacarter@upi,/uploads/profiles/center11.jpg,161260
dc0012,"Miller, Gonzalez and Medina Diagnostics",Megan Morales,Pathology,0161373911,7035682347,dc0012@example.com,6669979689,3222 Rogers Rapids Apt. 152,Victoriaberg,New Jersey,40490,https://maps.google.com/?q=North Katieville,180093,780603,"CT Scan, Mammography",Yes,10:00 - 19:00,Kimberly Chapman,Hayes and Sons,2394142673,IFSC0001234,paulking@upi,/uploads/profiles/center12.jpg,948846
dc0013,Patterson and Sons Diagnostics,Daniel Perez,Imaging,1184612522,1120669588,dc0013@example.com,3365109114,73302 Katelyn Rue Suite 400,Port Zachary,Alaska,01493,https://maps.google.com/?q=Kirbyport,552909,538440,"ECG, Ultrasound",Yes,9:00 - 18:00,Amanda Montgomery,Gilbert Ltd,970206395,IFSC0001234,aorozco@upi,/uploads/profiles/center13.jpg,252195
dc0014,"Meadows, Jennings and Rocha Diagnostics",Paula Vasquez,Multi-specialty,6205607190,3075657483,dc0014@example.com,2041627123,3204 Gordon Alley,Lake Thomasview,Montana,80648,https://maps.google.com/?q=South Mark,19121,827090,"ECG, Ultrasound",No,7:00 - 18:00,Julie Smith,"Walker, Morgan and Davis",5991924190,IFSC0001234,hhartman@upi,/uploads/profiles/center14.jpg,493524
dc0015,Carson Group Diagnostics,Nancy Douglas,Imaging,9339300205,5451178284,dc0015@example.com,4653212475,7392 Ruiz Locks,Brianview,Oklahoma,29798,https://maps.google.com/?q=Ambertown,95765,782299,"ECG, Ultrasound",No,7:00 - 18:00,Jeffrey Williams,Perez Ltd,2249442533,IFSC0001234,michellemoore@upi,/uploads/profiles/center15.jpg,613089
dc0016,Petersen-Walker Diagnostics,Javier Martin,Radiology,3326901292,9592098852,dc0016@example.com,3912874968,25666 Jody Oval,West Alisonshire,Georgia,03710,https://maps.google.com/?q=Williamstown,628143,563248,"Blood Test, X-Ray, MRI",Yes,9:00 - 17:00,Samuel Gonzalez,"Taylor, Harvey and Daniels",7884452821,IFSC0001234,ujohnson@upi,/uploads/profiles/center16.jpg,717479
dc0017,"Williams, Allen and Parrish Diagnostics",Anne Myers,Multi-specialty,0987466301,3605243736,dc0017@example.com,8892046577,6264 Wayne Walks,North Ashley,New Mexico,16595,https://maps.google.com/?q=Gibsonville,950720,900575,"Blood Test, X-Ray, MRI",No,7:00 - 17:00,Rachel Smith,"Boyd, Williams and Jones",25157893,IFSC0001234,antoniogarner@upi,/uploads/profiles/center17.jpg,599656
dc0018,"Rogers, Stewart and Young Diagnostics",Mary Howard,Pathology,8827704872,0148417500,dc0018@example.com,6741507290,5523 Wallace Shore Suite 833,Lake Scott,Delaware,21440,https://maps.google.com/?q=Port Tanya,109077,332113,"CT Scan, Mammography",No,8:00 - 20:00,Amber Holt,Diaz-Oconnor,1717049938,IFSC0001234,xdiaz@upi,/uploads/profiles/center18.jpg,630544
dc0019,"Newman, Johnson and Chandler Diagnostics",Francisco Brown,Pathology,2679710717,0977888189,dc0019@example.com,6153403733,54958 Tamara Mews Suite 396,New Kristiview,Maryland,69841,https://maps.google.com/?q=Stevenhaven,237063,339698,"ECG, Ultrasound",No,7:00 - 22:00,Joshua Perez,Pugh and Sons,9644599473,IFSC0001234,masonroberta@upi,/uploads/profiles/center19.jpg,642935
dc0020,"Gonzales, Hall and Jackson Diagnostics",Heather Cooley,Cardiology Lab,0100850677,8279881101,dc0020@example.com,6507375827,52616 Jill Vista Suite 316,Lake Kimberly,Vermont,58030,https://maps.google.com/?q=South Jonathan,142235,340809,"ECG, Ultrasound",No,10:00 - 22:00,Kevin Arellano,"Johnson, Russell and Gonzalez",5865966203,IFSC0001234,steven19@upi,/uploads/profiles/center20.jpg,935022
dc0021,Arnold-Martinez Diagnostics,James White,Multi-specialty,3806710843,9203772189,dc0021@example.com,1663239880,53181 Terri Shore,Lake Brendaville,Virginia,22622,https://maps.google.com/?q=Anthonymouth,731320,702740,"CT Scan, Mammography",Yes,10:00 - 19:00,Joshua Walker,Rosario-Flowers,6587218197,IFSC0001234,joshuathompson@upi,/uploads/profiles/center21.jpg,69662
dc0022,Dorsey Inc Diagnostics,James Lozano,Pathology,9477939494,4792309089,dc0022@example.com,4191277894,336 Dennis Tunnel,Joseside,Wyoming,86984,https://maps.google.com/?q=Hernandezland,531353,785807,"Blood Test, X-Ray, MRI",No,10:00 - 20:00,Richard Griffith,Baker PLC,3198717166,IFSC0001234,cindysandoval@upi,/uploads/profiles/center22.jpg,841065
dc0023,"Hernandez, Vang and Smith Diagnostics",Sarah Hernandez,Pathology,9095185336,0428794049,dc0023@example.com,7554580047,1108 Waters Mission Apt. 051,Lake Andrew,Pennsylvania,67772,https://maps.google.com/?q=South Erichaven,116244,964831,"CT Scan, Mammography",No,9:00 - 17:00,Michael Dennis,"Sanders, Thompson and Atkinson",2695311501,IFSC0001234,tammy03@upi,/uploads/profiles/center23.jpg,517839
dc0024,Johnson-Morrow Diagnostics,Marcus Neal,Cardiology Lab,9262191703,2461918258,dc0024@example.com,7213315057,363 Hartman Plaza Suite 569,Reedfort,Wisconsin,15525,https://maps.google.com/?q=Mooreport,660832,870035,"Blood Test, X-Ray, MRI",No,9:00 - 21:00,Gregory Carter,Fuller Inc,2226765492,IFSC0001234,margaretgreene@upi,/uploads/profiles/center24.jpg,652739
dc0025,White and Sons Diagnostics,Brandon Edwards,Radiology,7218159055,0683746101,dc0025@example.com,0328992095,72029 Carlos Center,Port Maryland,Maine,12698,https://maps.google.com/?q=West Christopherside,958669,825613,"ECG, Ultrasound",No,10:00 - 19:00,Michael Delgado,Torres Group,3323152905,IFSC0001234,jamesbreanna@upi,/uploads/profiles/center25.jpg,687326
dc0026,Alexander-Campbell Diagnostics,Sarah Smith,Radiology,2259237793,4562973605,dc0026@example.com,0772161789,88378 Obrien Walks,Hannaberg,Alabama,38276,https://maps.google.com/?q=Tamaraview,69592,399678,"CT Scan, Mammography",No,7:00 - 20:00,Nancy Park,"Bennett, Dean and Bowen",6391697711,IFSC0001234,martinpaul@upi,/uploads/profiles/center26.jpg,326335
dc0027,Silva-Campbell Diagnostics,Melissa Robinson,Multi-specialty,6015924643,3729182449,dc0027@example.com,0707215837,593 Jackson Ridges,Morseborough,Louisiana,04034,https://maps.google.com/?q=East Cody,458770,520139,"CT Scan, Mammography",No,10:00 - 19:00,Robert Valenzuela,Moss Inc,837942244,IFSC0001234,jamesbaker@upi,/uploads/profiles/center27.jpg,568386
dc0028,Mccoy LLC Diagnostics,Penny Blackburn,Radiology,7017654522,8734701173,dc0028@example.com,1050870219,853 Richard Points Suite 526,Port Josephmouth,Virginia,14674,https://maps.google.com/?q=West Charles,674589,922482,"ECG, Ultrasound",No,9:00 - 19:00,Travis Delacruz,Brown-Smith,3256181391,IFSC0001234,timothysmith@upi,/uploads/profiles/center28.jpg,899649
dc0029,Vasquez PLC Diagnostics,Mark Morton,Imaging,7942473796,3901160571,dc0029@example.com,6440381050,31125 Chad Road Suite 005,South Carolmouth,Massachusetts,89896,https://maps.google.com/?q=Reevesstad,693761,893088,"Blood Test, X-Ray, MRI",Yes,7:00 - 17:00,Tyler Moses,Gray-Trujillo,6605364426,IFSC0001234,mcconnellpamela@upi,/uploads/profiles/center29.jpg,882315
dc0030,Garcia Ltd Diagnostics,Laura Moran,Imaging,0182651752,9054247547,dc0030@example.com,0228735236,54065 Jessica Keys Suite 204,New Karenmouth,Nebraska,09409,https://maps.google.com/?q=Bakerberg,413264,5322,"CT Scan, Mammography",No,10:00 - 21:00,Edward Sosa,Camacho-Moreno,1501033913,IFSC0001234,melvinrichardson@upi,/uploads/profiles/center30.jpg,737715
dc0031,Martin-Hamilton Diagnostics,Melinda Kelly,Radiology,0778248200,7220418555,dc0031@example.com,7402561072,64418 Stewart Roads,South Jayton,Utah,36720,https://maps.google.com/?q=North Daniel,51893,828565,"ECG, Ultrasound",No,8:00 - 18:00,Tony Melton,Carr PLC,3411724593,IFSC0001234,qmartin@upi,/uploads/profiles/center31.jpg,461892
dc0032,"Woodard, Todd and Miller Diagnostics",Justin Kelly,Cardiology Lab,7447408852,2537731271,dc0032@example.com,9534809020,111 Chloe Valleys Suite 739,Johnland,Georgia,43603,https://maps.google.com/?q=Christopherstad,790878,11545,"Blood Test, X-Ray, MRI",No,7:00 - 18:00,Danielle Perry,Zhang Ltd,8617324386,IFSC0001234,reyesshane@upi,/uploads/profiles/center32.jpg,967967
dc0033,Lee Group Diagnostics,Michael Decker,Pathology,3949937910,7132395986,dc0033@example.com,2782301014,741 Phillips Key Apt. 547,Jamieton,Vermont,87109,https://maps.google.com/?q=Brownmouth,331654,289323,"CT Scan, Mammography",Yes,8:00 - 17:00,Darren Thomas,Mullen-Davis,5822162309,IFSC0001234,smithjeremy@upi,/uploads/profiles/center33.jpg,218705
dc0034,"Blackwell, Martin and Mcclure Diagnostics",Lisa Tucker,Imaging,3132849376,3982654279,dc0034@example.com,9562246366,618 Dale View Suite 838,New Erikachester,South Dakota,83238,https://maps.google.com/?q=Moorebury,771072,495926,"ECG, Ultrasound",No,7:00 - 19:00,Ashley Braun,Moore LLC,1131808213,IFSC0001234,anthony36@upi,/uploads/profiles/center34.jpg,549944
dc0035,Salazar and Sons Diagnostics,Francis Bailey,Imaging,4814042159,9411847717,dc0035@example.com,5788706269,0166 Nixon Pine,Jimenezstad,Florida,61918,https://maps.google.com/?q=Lake Donaldborough,421531,938470,"CT Scan, Mammography",Yes,7:00 - 19:00,Sharon Lewis,Brown-Allen,5999780303,IFSC0001234,martinphilip@upi,/uploads/profiles/center35.jpg,441275
dc0036,"Garcia, West and Hoover Diagnostics",Caleb Hernandez,Multi-specialty,6369694060,1735812948,dc0036@example.com,4646718986,133 Wilson Courts Suite 679,Ronaldville,Hawaii,80603,https://maps.google.com/?q=Elizabethton,360840,979020,"Blood Test, X-Ray, MRI",No,7:00 - 18:00,Dr. James Villa DDS,Bennett Inc,1546556902,IFSC0001234,nicole13@upi,/uploads/profiles/center36.jpg,456314
dc0037,"Paul, Moore and Smith Diagnostics",Kristina Pruitt,Pathology,7784672864,1466074592,dc0037@example.com,4585181236,442 Sarah Greens,East Ashley,Utah,44985,https://maps.google.com/?q=North Leahshire,691422,482907,"CT Scan, Mammography",No,7:00 - 18:00,Laura Johnson,Watts-Long,391167800,IFSC0001234,cynthia12@upi,/uploads/profiles/center37.jpg,615290
dc0038,"Haney, Rojas and Smith Diagnostics",Angela Palmer,Multi-specialty,8720036560,3011352241,dc0038@example.com,6403687162,80489 Dickerson Roads Suite 692,Jesusmouth,Arkansas,90485,https://maps.google.com/?q=East Jodi,932981,259256,"Blood Test, X-Ray, MRI",Yes,9:00 - 20:00,Alexis Aguirre,Williams-Larson,8499181809,IFSC0001234,floresgeorge@upi,/uploads/profiles/center38.jpg,235129
dc0039,Lamb PLC Diagnostics,Debbie Morgan,Pathology,2847060868,4523749636,dc0039@example.com,4915269494,843 Ortiz Bypass,Cartermouth,Colorado,57841,https://maps.google.com/?q=New Briannaborough,383540,380256,"CT Scan, Mammography",Yes,8:00 - 22:00,Jason Raymond,"Martin, Lee and Smith",7492571496,IFSC0001234,kellytucker@upi,/uploads/profiles/center39.jpg,335235
dc0040,Simmons-Mccarthy Diagnostics,Chase Young,Multi-specialty,3692052313,3223747192,dc0040@example.com,2670860429,241 Moreno Cove,North Derek,Alaska,41271,https://maps.google.com/?q=North Suzannefort,883591,773313,"ECG, Ultrasound",Yes,9:00 - 21:00,Jennifer Rodriguez,Gallagher-Aguilar,1569787669,IFSC0001234,anthony48@upi,/uploads/profiles/center40.jpg,831393
dc0041,Gallagher-Snyder Diagnostics,Bryan Ball,Pathology,5522589673,0564158943,dc0041@example.com,3635380995,7448 Stephanie Circles Suite 884,Virginiatown,Kansas,59490,https://maps.google.com/?q=West Jose,261967,751303,"CT Scan, Mammography",Yes,7:00 - 21:00,Daniel Prince,Diaz-Hines,1683880907,IFSC0001234,kristi88@upi,/uploads/profiles/center41.jpg,764019
dc0042,Webster Ltd Diagnostics,James Golden,Pathology,8695476656,4334129425,dc0042@example.com,1312004130,9869 Sophia Orchard,Connormouth,Rhode Island,99348,https://maps.google.com/?q=Baldwinshire,747576,948874,"ECG, Ultrasound",No,7:00 - 18:00,William Brady,Smith-Garcia,3163806655,IFSC0001234,stephensjessica@upi,/uploads/profiles/center42.jpg,168626
dc0043,"Lyons, Gibson and Brock Diagnostics",Heather Ortiz,Pathology,2971066458,5096021237,dc0043@example.com,2417628765,081 Thompson River,New Logan,Pennsylvania,74345,https://maps.google.com/?q=South Jaime,228969,723099,"ECG, Ultrasound",Yes,9:00 - 21:00,Anthony Watts,Price-Rose,3140320458,IFSC0001234,martinezalicia@upi,/uploads/profiles/center43.jpg,628327
dc0044,"Nichols, Morgan and Burke Diagnostics",Julie Jones,Cardiology Lab,7567633690,6660275571,dc0044@example.com,4770046100,18201 Simpson Highway,Larryside,Wyoming,38394,https://maps.google.com/?q=Port Tommy,766619,317052,"ECG, Ultrasound",Yes,10:00 - 19:00,Lisa Davis,Jackson PLC,5671426850,IFSC0001234,danielwhite@upi,/uploads/profiles/center44.jpg,206193
dc0045,"Allison, Martin and Robles Diagnostics",Mary Macias,Pathology,2450798731,7708221955,dc0045@example.com,4990550031,05676 Myers Lock,Samanthachester,Arkansas,59963,https://maps.google.com/?q=Lewishaven,89162,895831,"CT Scan, Mammography",No,8:00 - 21:00,Charles Beck,Nelson LLC,5788376248,IFSC0001234,kristinwilson@upi,/uploads/profiles/center45.jpg,572101
dc0046,Carlson-Holden Diagnostics,Megan Wilson DDS,Pathology,4678069096,7347322773,dc0046@example.com,1333077075,101 Cabrera Place Apt. 534,North Judithhaven,New York,65284,https://maps.google.com/?q=Lake Michelle,911344,367330,"CT Scan, Mammography",No,8:00 - 20:00,Daniel Jenkins,Goodwin and Sons,3898802610,IFSC0001234,shernandez@upi,/uploads/profiles/center46.jpg,478372
dc0047,"Sanchez, Santiago and Howell Diagnostics",Shelia Manning,Imaging,5870769614,7080661753,dc0047@example.com,2110711037,78319 Diane Ville,Caseyview,Vermont,57814,https://maps.google.com/?q=Gordonstad,700908,179394,"ECG, Ultrasound",Yes,7:00 - 20:00,Edwin May,"Mueller, Miles and Gardner",7888240927,IFSC0001234,angela91@upi,/uploads/profiles/center47.jpg,658703
dc0048,"Butler, Nicholson and Snyder Diagnostics",Joel Garner,Radiology,4037493094,5294226729,dc0048@example.com,3628822517,203 Tina Manors Apt. 576,Lake Jamieshire,California,46935,https://maps.google.com/?q=Thomaston,411379,438103,"Blood Test, X-Ray, MRI",Yes,9:00 - 20:00,David Smith,"Ramos, Young and Davis",504089815,IFSC0001234,fritzdouglas@upi,/uploads/profiles/center48.jpg,613724
dc0049,Jones-Sanders Diagnostics,Garrett James,Imaging,7762004458,8598400265,dc0049@example.com,0730609329,59182 Butler Trail Apt. 894,Tracyshire,Florida,80771,https://maps.google.com/?q=Bryanburgh,707407,26623,"ECG, Ultrasound",Yes,9:00 - 17:00,Robert Odonnell,"Jensen, Stewart and Jones",3124009525,IFSC0001234,chapmanmegan@upi,/uploads/profiles/center49.jpg,603930
dc0050,Reed and Sons Diagnostics,Timothy Richardson,Cardiology Lab,8741123901,3071511892,dc0050@example.com,0813489872,854 Damon Rue,New Jon,Michigan,85759,https://maps.google.com/?q=South Heather,163047,556943,"Blood Test, X-Ray, MRI",Yes,10:00 - 18:00,Mandy Schultz,Long-Gutierrez,8426292140,IFSC0001234,jennifer16@upi,/uploads/profiles/center50.jpg,50207
dc0051,Parks LLC Diagnostics,Mitchell Sims,Cardiology Lab,1591044939,0627251323,dc0051@example.com,3850142637,449 Brown Falls,Port Virginiashire,Oklahoma,14214,https://maps.google.com/?q=Jamesmouth,310827,654065,"ECG, Ultrasound",Yes,10:00 - 17:00,Martha Hensley,Williamson Inc,5898149884,IFSC0001234,jamesbates@upi,/uploads/profiles/center51.jpg,351220
dc0052,"Everett, Rios and Lee Diagnostics",Laura Mitchell MD,Radiology,0425288328,2126258647,dc0052@example.com,5404452557,955 Goodman Points Suite 308,Alvarezchester,Washington,69098,https://maps.google.com/?q=Stephenchester,433831,180295,"ECG, Ultrasound",No,8:00 - 20:00,Deanna Dodson,"Wolf, Bryant and Freeman",9079735973,IFSC0001234,herbertyoung@upi,/uploads/profiles/center52.jpg,231286
dc0053,"Wagner, Carter and Rollins Diagnostics",Mary Perez,Cardiology Lab,5551753007,4653310546,dc0053@example.com,6647552821,265 Singleton Green Apt. 158,Sharonberg,Nebraska,78552,https://maps.google.com/?q=Anaburgh,39155,175264,"Blood Test, X-Ray, MRI",No,8:00 - 21:00,Kevin Owen,Roberts-Wyatt,1025352418,IFSC0001234,michael45@upi,/uploads/profiles/center53.jpg,928043
dc0054,Ward-Sheppard Diagnostics,Kimberly Brown,Cardiology Lab,9460222123,1147216066,dc0054@example.com,0294179558,451 John Meadows,Matthewmouth,Delaware,50212,https://maps.google.com/?q=West Markfurt,22383,492435,"CT Scan, Mammography",Yes,10:00 - 21:00,Jessica Whitney,Miranda-Smith,4021217494,IFSC0001234,maldonadotanya@upi,/uploads/profiles/center54.jpg,674107
dc0055,Robertson-Alvarado Diagnostics,Alison Gibson,Radiology,6141580027,8226648896,dc0055@example.com,1606105978,151 Lowery Station,Donnatown,Louisiana,96702,https://maps.google.com/?q=South Veronicamouth,969191,171303,"Blood Test, X-Ray, MRI",No,9:00 - 19:00,Joshua Nunez,Ray-Wheeler,687076988,IFSC0001234,antonio49@upi,/uploads/profiles/center55.jpg,234177
dc0056,Benson-Moore Diagnostics,Laura Lucas,Radiology,8826620195,0161416672,dc0056@example.com,3838571347,703 Snyder Road,Reginaldtown,Illinois,07799,https://maps.google.com/?q=Lake Jennifer,565538,937078,"ECG, Ultrasound",Yes,7:00 - 19:00,Angela Moran,Burgess PLC,6521080347,IFSC0001234,sherrijackson@upi,/uploads/profiles/center56.jpg,474726
dc0057,Matthews-Johnson Diagnostics,Shannon Rodriguez,Radiology,1220123981,1227839376,dc0057@example.com,1907130137,3831 Flores Trail Apt. 551,North Rachel,Florida,88141,https://maps.google.com/?q=Rosalesfurt,614165,201296,"CT Scan, Mammography",Yes,10:00 - 17:00,Kyle Richards,Warren-Lopez,9596176260,IFSC0001234,annsteele@upi,/uploads/profiles/center57.jpg,847816
dc0058,Wolfe-Decker Diagnostics,Cody Wilson,Multi-specialty,4999483787,5701772896,dc0058@example.com,1987818009,29708 Steven Ferry,Brianfurt,Utah,62672,https://maps.google.com/?q=South Darrenchester,865581,415304,"CT Scan, Mammography",Yes,8:00 - 18:00,Catherine Mueller,"Barnes, Tucker and Washington",5463138921,IFSC0001234,melissa35@upi,/uploads/profiles/center58.jpg,186736
dc0059,Ortiz-Rodriguez Diagnostics,Willie Hall,Imaging,4346977329,9995555860,dc0059@example.com,4610275172,34886 Daniel Skyway,Grantfurt,Illinois,83899,https://maps.google.com/?q=Lake Jacob,391876,494654,"CT Scan, Mammography",Yes,10:00 - 22:00,Christopher Cox,Garcia-Schroeder,7860829992,IFSC0001234,aaron12@upi,/uploads/profiles/center59.jpg,202606
dc0060,"James, Jordan and Willis Diagnostics",Carlos Hammond,Multi-specialty,9464701350,6170312800,dc0060@example.com,9421204408,12405 Walker Ridge,West Maryburgh,Vermont,78537,https://maps.google.com/?q=Georgefurt,79510,587710,"CT Scan, Mammography",Yes,8:00 - 21:00,Jessica Robbins,Martinez-Williams,8747606336,IFSC0001234,hvance@upi,/uploads/profiles/center60.jpg,200885
dc0061,Cooper-Colon Diagnostics,Amber Porter,Cardiology Lab,7650101229,0787317136,dc0061@example.com,2227756168,280 Shah Land,Petertown,California,04106,https://maps.google.com/?q=West Michellehaven,197665,411315,"Blood Test, X-Ray, MRI",No,10:00 - 17:00,Julian Smith,Hansen Inc,3559174661,IFSC0001234,vglover@upi,/uploads/profiles/center61.jpg,406359
dc0062,"Jackson, Bryant and Becker Diagnostics",Heather Rodriguez,Radiology,7904397038,1985861430,dc0062@example.com,3810433242,167 David Pike Suite 364,East Sandy,Delaware,18692,https://maps.google.com/?q=Corymouth,616950,590162,"CT Scan, Mammography",No,10:00 - 22:00,Jennifer Jennings,"Foster, Reyes and Taylor",6836038956,IFSC0001234,shawnwilson@upi,/uploads/profiles/center62.jpg,480760
dc0063,"Rodriguez, Fletcher and Hartman Diagnostics",Tammy Vasquez,Cardiology Lab,9556424288,5451319133,dc0063@example.com,0654818178,837 Perkins Lane Apt. 682,East Jodi,Connecticut,23224,https://maps.google.com/?q=West Paigeton,601281,58033,"Blood Test, X-Ray, MRI",No,9:00 - 22:00,David Kelly,"Knight, Collins and Sellers",3031372446,IFSC0001234,bhartman@upi,/uploads/profiles/center63.jpg,689380
dc0064,Richardson-Jackson Diagnostics,William Jones,Imaging,9194657145,1053547961,dc0064@example.com,6104403283,7258 Christian Avenue Apt. 352,Thomasland,Wisconsin,36630,https://maps.google.com/?q=East Shawn,146820,177995,"Blood Test, X-Ray, MRI",Yes,8:00 - 18:00,Raymond Murphy,Clark Inc,6364421934,IFSC0001234,morrisonsteven@upi,/uploads/profiles/center64.jpg,747128
dc0065,York and Sons Diagnostics,Gregory Kramer,Imaging,9353640761,3116902509,dc0065@example.com,4753328539,1675 Hoffman Flats,West Davidbury,Tennessee,82808,https://maps.google.com/?q=Port Patrickhaven,71275,169940,"CT Scan, Mammography",Yes,9:00 - 19:00,Gloria Gallegos,"Smith, Reynolds and Nelson",242680000,IFSC0001234,shawnnguyen@upi,/uploads/profiles/center65.jpg,583889
dc0066,"Duke, Richardson and Lewis Diagnostics",Barbara Cardenas MD,Multi-specialty,3936133600,8941436162,dc0066@example.com,9099674834,54596 Lauren Crossing Suite 110,Dominguezborough,Missouri,19660,https://maps.google.com/?q=Paceville,105095,802793,"Blood Test, X-Ray, MRI",Yes,9:00 - 18:00,Elizabeth Morrison,Herrera PLC,3795099120,IFSC0001234,stanley71@upi,/uploads/profiles/center66.jpg,403369
dc0067,Pacheco LLC Diagnostics,Jeffrey Cooper,Pathology,8351148480,8750207033,dc0067@example.com,9495968054,81728 Edward Extension Suite 515,Orozcoton,Wyoming,35263,https://maps.google.com/?q=Jeremyland,717773,803046,"Blood Test, X-Ray, MRI",No,9:00 - 21:00,Darius Hall,Miller-Jacobs,1549461067,IFSC0001234,jennifer39@upi,/uploads/profiles/center67.jpg,794415
dc0068,Daugherty PLC Diagnostics,Kenneth Taylor,Radiology,1105731893,7907396397,dc0068@example.com,1783704893,63326 Jason Crossing Apt. 954,East Kimberlystad,Colorado,97484,https://maps.google.com/?q=Wendyborough,671344,933702,"ECG, Ultrasound",Yes,8:00 - 17:00,Teresa Brown,Kidd-Barnes,1612774633,IFSC0001234,rpugh@upi,/uploads/profiles/center68.jpg,807537
dc0069,Gibbs PLC Diagnostics,Timothy Walsh,Radiology,4536065617,6987109046,dc0069@example.com,8378582608,7891 Dana Flats Apt. 712,Mooreborough,New Hampshire,97592,https://maps.google.com/?q=North David,576136,18875,"Blood Test, X-Ray, MRI",Yes,8:00 - 17:00,Jason Moreno,"Kirk, Quinn and Blevins",1227382953,IFSC0001234,melissaclark@upi,/uploads/profiles/center69.jpg,448504
dc0070,Mercado LLC Diagnostics,Maria Nicholson,Imaging,8915327459,5996833813,dc0070@example.com,9622667143,83147 Lee Junction,East Barbara,Ohio,69102,https://maps.google.com/?q=New Davidmouth,837838,691066,"CT Scan, Mammography",No,8:00 - 18:00,Benjamin Montgomery,"Marks, Scott and Pearson",6978511603,IFSC0001234,aguzman@upi,/uploads/profiles/center70.jpg,858691
dc0071,"Hudson, Rodriguez and Griffin Diagnostics",Emily Lyons,Imaging,4145580463,3184494036,dc0071@example.com,2157842732,377 Anna Crossing Suite 298,Brownbury,Georgia,71893,https://maps.google.com/?q=Robinsonchester,769669,595750,"CT Scan, Mammography",Yes,8:00 - 19:00,Jake Morrison,Kemp-Skinner,9168792313,IFSC0001234,stevenbyrd@upi,/uploads/profiles/center71.jpg,796479
dc0072,"Mcpherson, Farrell and Dawson Diagnostics",Charles Rios,Multi-specialty,6644110555,8671040512,dc0072@example.com,7251556010,8022 Dawn Drives,Hansenshire,Massachusetts,66388,https://maps.google.com/?q=West Robin,742348,559059,"CT Scan, Mammography",No,10:00 - 18:00,Melissa Obrien,Johnson LLC,9845144324,IFSC0001234,hayneshenry@upi,/uploads/profiles/center72.jpg,546633
dc0073,Jones-Bell Diagnostics,Edward Anderson,Imaging,7791841189,2455919655,dc0073@example.com,0962200731,96054 Powell Drive,Stewarttown,Maryland,16682,https://maps.google.com/?q=East Hannahville,221567,525216,"Blood Test, X-Ray, MRI",Yes,9:00 - 18:00,John Hughes,"Bennett, Brown and Armstrong",3931607674,IFSC0001234,djames@upi,/uploads/profiles/center73.jpg,170705
dc0074,"Hudson, Ali and Smith Diagnostics",Thomas Sanchez,Cardiology Lab,9329182772,6467373822,dc0074@example.com,0637628808,0686 Sarah Cliffs,Davidburgh,Missouri,88843,https://maps.google.com/?q=Port Jonathan,370581,31423,"Blood Test, X-Ray, MRI",Yes,9:00 - 21:00,Michael Mccormick,"Lopez, Foley and Santos",3060398076,IFSC0001234,agibson@upi,/uploads/profiles/center74.jpg,575582
dc0075,"Rogers, Walls and Mora Diagnostics",Christopher Kelley DDS,Radiology,4674119131,0659379043,dc0075@example.com,4035980889,7468 Cruz Lights,West Jennifer,Arkansas,57475,https://maps.google.com/?q=North David,727936,381425,"Blood Test, X-Ray, MRI",Yes,9:00 - 18:00,Patricia Stewart,Valentine-Miller,4422372964,IFSC0001234,sarah61@upi,/uploads/profiles/center75.jpg,534773
dc0076,Mcdonald-Davis Diagnostics,Julia Rivera,Multi-specialty,4365960179,2044135629,dc0076@example.com,6065090515,72539 Wilson Green Apt. 210,East Michaelberg,Georgia,91024,https://maps.google.com/?q=Davidsonshire,435345,846626,"ECG, Ultrasound",Yes,9:00 - 17:00,Daniel Hall,"Jimenez, Ramirez and Vance",5968946687,IFSC0001234,williamsamy@upi,/uploads/profiles/center76.jpg,739299
dc0077,"Anderson, Chapman and Webb Diagnostics",Sarah Waters,Imaging,1950930633,9863278674,dc0077@example.com,2073996622,1995 Donna Forks Suite 438,North Joseph,South Dakota,49401,https://maps.google.com/?q=South Donside,927104,684311,"ECG, Ultrasound",Yes,10:00 - 19:00,Patricia Davis,Carter and Sons,9308248091,IFSC0001234,hernandezelizabeth@upi,/uploads/profiles/center77.jpg,725139
dc0078,"Lynch, Watkins and Camacho Diagnostics",Wesley Davis,Pathology,6370972332,0383931110,dc0078@example.com,6211161659,408 Ochoa Light,South Michaelton,Michigan,37584,https://maps.google.com/?q=Joneschester,605572,409950,"CT Scan, Mammography",Yes,10:00 - 22:00,Terri Lozano,Santos Group,5196404303,IFSC0001234,amanda74@upi,/uploads/profiles/center78.jpg,101008
dc0079,"Scott, Massey and Juarez Diagnostics",Brandon Arias,Multi-specialty,4358783310,4528999976,dc0079@example.com,4808311302,73143 Steven Inlet Apt. 861,Petermouth,Montana,24380,https://maps.google.com/?q=West Williamborough,448442,46523,"ECG, Ultrasound",Yes,8:00 - 21:00,Michael Riley Jr.,"Rice, Knox and Robertson",7288395169,IFSC0001234,johnallen@upi,/uploads/profiles/center79.jpg,593517
dc0080,Stanley Ltd Diagnostics,Denise Hunt,Cardiology Lab,1021584882,1886110189,dc0080@example.com,2050062779,2550 Reyes Stream,Port James,Iowa,87796,https://maps.google.com/?q=West Alicia,226834,89880,"ECG, Ultrasound",No,9:00 - 18:00,Christopher Good,Kelly-Thomas,2984862576,IFSC0001234,coxjonathan@upi,/uploads/profiles/center80.jpg,742930
dc0081,Martinez Inc Diagnostics,Jessica Buckley,Cardiology Lab,3198428586,2733359554,dc0081@example.com,0664117158,378 Shaw Passage,West Theresaport,Massachusetts,75338,https://maps.google.com/?q=South Kevinmouth,260344,557695,"ECG, Ultrasound",No,7:00 - 21:00,Daniel Parker,Dixon-Bates,6881720747,IFSC0001234,melissa48@upi,/uploads/profiles/center81.jpg,973679
dc0082,"Warren, Jones and Glover Diagnostics",John Barnes,Cardiology Lab,3692486195,6912094353,dc0082@example.com,0594537194,16957 Douglas Wall Apt. 502,East Paigeborough,California,37206,https://maps.google.com/?q=Lake Oliviamouth,21492,655970,"Blood Test, X-Ray, MRI",No,8:00 - 21:00,Sharon Crosby,Hopkins-Contreras,8360174165,IFSC0001234,jameslam@upi,/uploads/profiles/center82.jpg,815857
dc0083,Cain-Johnson Diagnostics,William West,Multi-specialty,8754347722,7211802606,dc0083@example.com,3657175975,80447 Johnson Ramp,South Georgeshire,Kansas,38630,https://maps.google.com/?q=Port Troy,970304,144126,"ECG, Ultrasound",Yes,10:00 - 17:00,Susan Wade,Mendoza PLC,8342850154,IFSC0001234,bbruce@upi,/uploads/profiles/center83.jpg,861342
dc0084,Lopez-Frazier Diagnostics,John Preston,Imaging,3607627194,5168115533,dc0084@example.com,1774978454,227 Emily Camp,East Kevinton,New Mexico,78109,https://maps.google.com/?q=Garciachester,240532,720666,"Blood Test, X-Ray, MRI",No,8:00 - 19:00,David Harris,Martin-Miller,4301265272,IFSC0001234,adamday@upi,/uploads/profiles/center84.jpg,799633
dc0085,"Key, Bradford and Taylor Diagnostics",Christopher Smith,Cardiology Lab,3731661884,7711544526,dc0085@example.com,9311523009,03347 Victoria Fields Apt. 796,Hammondborough,Arkansas,53414,https://maps.google.com/?q=Lake Warren,171311,506124,"ECG, Ultrasound",Yes,9:00 - 20:00,Christopher Brennan,Bates-Ross,1443857716,IFSC0001234,ramirezdustin@upi,/uploads/profiles/center85.jpg,175097
dc0086,Garcia PLC Diagnostics,Ryan Bryant,Cardiology Lab,5334903817,3604487136,dc0086@example.com,7481955746,5954 Oconnor Parks Apt. 484,Maryton,Iowa,10677,https://maps.google.com/?q=Lake Meganborough,253664,795993,"ECG, Ultrasound",No,9:00 - 22:00,Tammy Goodman,Rice-Lindsey,2182788374,IFSC0001234,orozcotara@upi,/uploads/profiles/center86.jpg,782515
dc0087,Smith-Fritz Diagnostics,Michaela Richardson,Multi-specialty,2910325377,1942720283,dc0087@example.com,5160066782,0270 Carney Port Suite 772,Lake Jill,Alabama,89411,https://maps.google.com/?q=Whiteburgh,895235,294440,"CT Scan, Mammography",No,8:00 - 17:00,Carol Marshall,Chang and Sons,1031136045,IFSC0001234,suzannenichols@upi,/uploads/profiles/center87.jpg,350139
dc0088,Perez and Sons Diagnostics,Kevin Flores,Radiology,3805119792,0136289187,dc0088@example.com,2186349059,678 Lynch Streets Apt. 319,New Andrew,New Jersey,12157,https://maps.google.com/?q=Robertmouth,932273,109670,"Blood Test, X-Ray, MRI",Yes,9:00 - 21:00,Laura Craig,"Shelton, Castro and Dixon",2951209702,IFSC0001234,gloriawatson@upi,/uploads/profiles/center88.jpg,187826
dc0089,Wolfe-Wiley Diagnostics,Sharon Morton,Cardiology Lab,3925635644,6164428860,dc0089@example.com,0647513345,3715 Logan Square,West Aliciahaven,Missouri,98119,https://maps.google.com/?q=Lake Matthew,374464,24180,"CT Scan, Mammography",No,7:00 - 20:00,Matthew Wilson,Miller-Foster,5593434833,IFSC0001234,nsantana@upi,/uploads/profiles/center89.jpg,517960
dc0090,Wilson Inc Diagnostics,Anthony Kent,Radiology,5061320520,5120375432,dc0090@example.com,5374177411,2062 Jason Villages,Lake Kara,Massachusetts,97513,https://maps.google.com/?q=Haleyfort,323908,542340,"CT Scan, Mammography",No,7:00 - 19:00,Jennifer Murphy,Macias-Allen,6347245863,IFSC0001234,ggill@upi,/uploads/profiles/center90.jpg,457027
dc0091,Ramirez and Sons Diagnostics,Deanna Weiss,Cardiology Lab,7895062340,9186649374,dc0091@example.com,5670964706,7513 Thomas Hills Apt. 776,West Michael,Virginia,81687,https://maps.google.com/?q=North Ashleyton,85509,997735,"CT Scan, Mammography",Yes,10:00 - 17:00,Hannah Alvarez,Charles-Allen,6638775538,IFSC0001234,blogan@upi,/uploads/profiles/center91.jpg,933411
dc0092,Hinton Inc Diagnostics,Todd Nelson,Imaging,1553364589,3479508083,dc0092@example.com,3838985091,08372 Fischer Roads,Douglastown,Utah,66703,https://maps.google.com/?q=Bennettland,776793,84648,"CT Scan, Mammography",Yes,9:00 - 22:00,Matthew Brown,Romero and Sons,7913294406,IFSC0001234,rittertanner@upi,/uploads/profiles/center92.jpg,854036
dc0093,Kelly Inc Diagnostics,John Jenkins,Pathology,9170069627,9267616667,dc0093@example.com,1287846686,8773 Berger Vista Suite 042,Vernonstad,Colorado,45856,https://maps.google.com/?q=Nicholasshire,836072,421113,"ECG, Ultrasound",No,7:00 - 19:00,James Sullivan,"Abbott, Lopez and Liu",1830584402,IFSC0001234,qbraun@upi,/uploads/profiles/center93.jpg,177622
dc0094,"Caldwell, Smith and Pena Diagnostics",Gregory Morales,Cardiology Lab,5494544134,8180441540,dc0094@example.com,1740151931,24242 Ellison Center,Kylefurt,Louisiana,62225,https://maps.google.com/?q=Cynthiamouth,748899,492517,"CT Scan, Mammography",No,8:00 - 20:00,Holly Kim,Osborne and Sons,3078378258,IFSC0001234,hudsonwilliam@upi,/uploads/profiles/center94.jpg,490138
dc0095,Kennedy and Sons Diagnostics,Christopher Gomez,Radiology,5118826621,6836746478,dc0095@example.com,5412663409,1042 Tina Summit,Davisburgh,Idaho,04367,https://maps.google.com/?q=North Dustinberg,812728,753878,"Blood Test, X-Ray, MRI",Yes,8:00 - 19:00,Deanna Fry,Sullivan-Lawson,8518062306,IFSC0001234,timothyadams@upi,/uploads/profiles/center95.jpg,749242
dc0096,Smith-Myers Diagnostics,Patricia Pollard,Imaging,8766547373,1794001836,dc0096@example.com,8953101830,89787 Jones Fall Suite 819,East Richard,Rhode Island,51895,https://maps.google.com/?q=Amystad,149225,302839,"Blood Test, X-Ray, MRI",Yes,9:00 - 22:00,Jennifer Morris,Mclean-Diaz,9514851552,IFSC0001234,wayne88@upi,/uploads/profiles/center96.jpg,401826
dc0097,"Cruz, Camacho and Freeman Diagnostics",Elizabeth Cruz DDS,Multi-specialty,9178331704,8515306463,dc0097@example.com,7663952702,92450 Hammond Islands Apt. 954,South Kylefort,Mississippi,84992,https://maps.google.com/?q=South Sherry,832911,861424,"ECG, Ultrasound",No,7:00 - 19:00,Mary Murphy,Finley-Griffin,5850264560,IFSC0001234,lmoran@upi,/uploads/profiles/center97.jpg,492661
dc0098,"Blankenship, Melendez and Freeman Diagnostics",Jeffrey George,Multi-specialty,7197462221,2828772208,dc0098@example.com,5432606627,82527 Stacey Burg Apt. 389,Susanstad,West Virginia,26589,https://maps.google.com/?q=East Helen,113522,341897,"CT Scan, Mammography",Yes,10:00 - 19:00,Jared Wilson,"Phillips, Hernandez and Barton",2045897492,IFSC0001234,dale91@upi,/uploads/profiles/center98.jpg,144007
dc0099,Hart Group Diagnostics,Bridget Lara,Radiology,6356672307,5078545971,dc0099@example.com,5438360790,751 Angela Viaduct,Welchtown,Ohio,83113,https://maps.google.com/?q=West Joseph,70325,390445,"Blood Test, X-Ray, MRI",Yes,8:00 - 19:00,Howard Kaiser,Nguyen-Burke,9419309992,IFSC0001234,raymond25@upi,/uploads/profiles/center99.jpg,459068
dc0100,Warner-Bass Diagnostics,James Bass,Radiology,8129158576,0935019824,dc0100@example.com,0288993341,10312 Steve Courts,New Johnbury,Delaware,40167,https://maps.google.com/?q=Amandaberg,729698,434374,"Blood Test, X-Ray, MRI",Yes,8:00 - 22:00,Whitney Frazier,Richard and Sons,1343541803,IFSC0001234,ian69@upi,/uploads/profiles/center100.jpg,848495
